{
    "frames": [
        {
            "filename": "frog_idle9",
            "frame": {
                "w": 32,
                "h": 32,
                "x": 0,
                "y": 0
            },
            "anchor": {
                "x": 0.5,
                "y": 0.5
            }
        },
        {
            "filename": "frog_idle10",
            "frame": {
                "w": 32,
                "h": 32,
                "x": 32,
                "y": 0
            },
            "anchor": {
                "x": 0.5,
                "y": 0.5
            }
        },
        {
            "filename": "frog_idle0",
            "frame": {
                "w": 32,
                "h": 32,
                "x": 0,
                "y": 32
            },
            "anchor": {
                "x": 0.5,
                "y": 0.5
            }
        },
        {
            "filename": "frog_idle1",
            "frame": {
                "w": 32,
                "h": 32,
                "x": 32,
                "y": 32
            },
            "anchor": {
                "x": 0.5,
                "y": 0.5
            }
        },
        {
            "filename": "frog_idle2",
            "frame": {
                "w": 32,
                "h": 32,
                "x": 64,
                "y": 0
            },
            "anchor": {
                "x": 0.5,
                "y": 0.5
            }
        },
        {
            "filename": "frog_idle3",
            "frame": {
                "w": 32,
                "h": 32,
                "x": 64,
                "y": 32
            },
            "anchor": {
                "x": 0.5,
                "y": 0.5
            }
        },
        {
            "filename": "frog_idle4",
            "frame": {
                "w": 32,
                "h": 32,
                "x": 0,
                "y": 64
            },
            "anchor": {
                "x": 0.5,
                "y": 0.5
            }
        },
        {
            "filename": "frog_idle5",
            "frame": {
                "w": 32,
                "h": 32,
                "x": 32,
                "y": 64
            },
            "anchor": {
                "x": 0.5,
                "y": 0.5
            }
        },
        {
            "filename": "frog_idle6",
            "frame": {
                "w": 32,
                "h": 32,
                "x": 64,
                "y": 64
            },
            "anchor": {
                "x": 0.5,
                "y": 0.5
            }
        },
        {
            "filename": "frog_idle7",
            "frame": {
                "w": 32,
                "h": 32,
                "x": 96,
                "y": 0
            },
            "anchor": {
                "x": 0.5,
                "y": 0.5
            }
        },
        {
            "filename": "frog_idle8",
            "frame": {
                "w": 32,
                "h": 32,
                "x": 96,
                "y": 32
            },
            "anchor": {
                "x": 0.5,
                "y": 0.5
            }
        }
    ],
    "meta": {
        "description": "Atlas generado con Atlas Packer Gamma V2",
        "web": "https://gammafp.github.io/atlas-packer-phaser/"
    }
}